id,timestamp
1,2025-08-21T05:11:14.927444
2,2025-08-21T05:11:16.721327
3,2025-08-21T05:11:25.815504
4,2025-08-21T05:15:46.129953
5,2025-08-21T05:15:50.364297
6,2025-08-21T05:18:53.321166
7,2025-08-21T05:20:09.664108
8,2025-08-21T05:21:54.155979
9,2025-08-21T05:23:19.460396
10,2025-08-21T05:23:21.600177
11,2025-08-21T05:24:45.470234
12,2025-08-21T05:24:55.502710
13,2025-08-21T05:24:57.602900
14,2025-08-21T05:25:00.136883
15,2025-08-21T05:26:43.540475
16,2025-08-21T05:26:46.299631
17,2025-08-21T05:26:48.851597
18,2025-08-21T05:26:49.659794
19,2025-08-21T05:26:50.422854
20,2025-08-21T05:29:37.637597
21,2025-08-21T05:29:40.357757
22,2025-08-21T05:29:44.402044
